-- phpMyAdmin SQL Dump
-- version 4.6.5.2
-- https://www.phpmyadmin.net/
--
-- Host: 127.0.0.1
-- Generation Time: 2018 年 9 朁E20 日 14:04
-- サーバのバージョン： 5.7.13-log
-- PHP Version: 5.6.30

SET SQL_MODE = "NO_AUTO_VALUE_ON_ZERO";
SET time_zone = "+00:00";


/*!40101 SET @OLD_CHARACTER_SET_CLIENT=@@CHARACTER_SET_CLIENT */;
/*!40101 SET @OLD_CHARACTER_SET_RESULTS=@@CHARACTER_SET_RESULTS */;
/*!40101 SET @OLD_COLLATION_CONNECTION=@@COLLATION_CONNECTION */;
/*!40101 SET NAMES utf8mb4 */;

--
-- Database: `ias`
--

-- --------------------------------------------------------

--
-- テーブルの構造 `lessons`
--

CREATE TABLE `lessons` (
  `id` int(11) NOT NULL,
  `title` text CHARACTER SET utf8 NOT NULL,
  `date` text CHARACTER SET utf8 NOT NULL
) ENGINE=InnoDB DEFAULT CHARSET=latin1;

--
-- テーブルのデータのダンプ `lessons`
--

INSERT INTO `lessons` (`id`, `title`, `date`) VALUES
(1, '授業1', '0901'),
(2, '授業2', '0902'),
(3, '授業3', '0903'),
(4, '授業4', '0904'),
(5, '授業5', '0905'),
(6, '授業6', '0906'),
(7, '授業7', '0907'),
(8, '授業8', '0908'),
(9, '授業9', '0909'),
(10, '授業10', '0910'),
(11, '授業11', '0911'),
(12, '授業12', '0912');

-- --------------------------------------------------------

--
-- テーブルの構造 `products`
--

CREATE TABLE `products` (
  `id` int(11) NOT NULL,
  `title` text NOT NULL,
  `path` text NOT NULL,
  `product_name` text NOT NULL,
  `date` text NOT NULL,
  `comment` text NOT NULL,
  `user_id` text NOT NULL,
  `lesson_id` int(11) NOT NULL
) ENGINE=InnoDB DEFAULT CHARSET=utf8 ROW_FORMAT=DYNAMIC;

-- --------------------------------------------------------

--
-- テーブルの構造 `response_data`
--

CREATE TABLE `response_data` (
  `id` int(11) NOT NULL,
  `user_id` int(11) NOT NULL,
  `lesson_id` int(11) NOT NULL,
  `per1` int(11) NOT NULL,
  `per2` int(11) NOT NULL,
  `per3` int(11) NOT NULL,
  `per4` int(11) NOT NULL
) ENGINE=InnoDB DEFAULT CHARSET=latin1;

--
-- テーブルのデータのダンプ `response_data`
--

INSERT INTO `response_data` (`id`, `user_id`, `lesson_id`, `per1`, `per2`, `per3`, `per4`) VALUES
(1, 1, 1, 3, 3, 3, 3),
(2, 1, 2, 3, 1, 1, 1),
(3, 1, 3, 4, 1, 1, 1),
(4, 1, 4, 3, 1, 1, 1),
(5, 1, 5, 3, 1, 1, 1),
(6, 1, 6, 4, 2, 3, 4),
(7, 1, 7, 4, 1, 1, 1),
(8, 1, 8, 3, 1, 1, 1),
(9, 1, 9, 4, 1, 1, 2),
(10, 1, 10, 5, 1, 1, 1),
(11, 1, 11, 5, 1, 1, 1),
(12, 1, 12, 5, 1, 1, 1),
(13, 2, 1, 1, 1, 1, 1),
(14, 2, 2, 3, 1, 1, 1),
(15, 2, 3, 2, 1, 1, 1),
(16, 2, 4, 2, 1, 1, 1),
(17, 2, 5, 1, 1, 1, 1),
(18, 2, 6, 2, 1, 1, 1),
(19, 2, 7, 1, 1, 1, 1),
(20, 2, 8, 2, 1, 1, 1),
(21, 2, 9, 1, 1, 1, 1),
(22, 2, 10, 1, 1, 1, 1),
(23, 2, 11, 3, 1, 1, 1),
(24, 2, 12, 4, 1, 1, 1),
(25, 3, 1, 1, 1, 1, 1),
(26, 3, 2, 1, 1, 1, 1),
(27, 3, 3, 3, 1, 1, 1),
(28, 3, 4, 2, 1, 1, 1),
(29, 3, 5, 1, 1, 1, 1),
(30, 3, 6, 2, 1, 1, 1),
(31, 3, 7, 3, 1, 1, 1),
(32, 3, 8, 2, 1, 1, 1),
(33, 3, 9, 1, 1, 1, 1),
(34, 3, 10, 2, 1, 1, 1),
(35, 3, 11, 3, 1, 1, 1),
(36, 3, 12, 4, 1, 1, 1),
(37, 4, 1, 2, 1, 1, 1),
(38, 4, 2, 1, 1, 1, 1),
(39, 4, 3, 1, 1, 1, 1),
(40, 4, 4, 2, 1, 1, 1),
(41, 4, 5, 2, 1, 1, 1),
(42, 4, 6, 2, 1, 1, 1),
(43, 4, 7, 2, 1, 1, 1),
(44, 4, 8, 2, 1, 1, 1),
(45, 4, 9, 2, 1, 1, 1),
(46, 4, 10, 2, 1, 1, 1),
(47, 4, 11, 3, 1, 1, 1),
(48, 4, 12, 3, 1, 1, 1),
(49, 5, 1, 1, 1, 1, 1),
(50, 5, 2, 1, 1, 1, 1),
(51, 5, 3, 1, 1, 1, 1),
(52, 5, 4, 2, 1, 1, 1),
(53, 5, 5, 1, 1, 1, 1),
(54, 5, 6, 2, 1, 1, 1),
(55, 5, 7, 2, 1, 1, 1),
(56, 5, 8, 2, 1, 1, 1),
(57, 5, 9, 1, 1, 1, 1),
(58, 5, 10, 2, 1, 1, 1),
(59, 5, 11, 3, 1, 1, 1),
(60, 5, 12, 3, 1, 1, 1),
(61, 6, 1, 2, 1, 1, 1),
(62, 6, 2, 1, 1, 1, 1),
(63, 6, 3, 1, 1, 1, 1),
(64, 6, 4, 2, 1, 1, 1),
(65, 6, 5, 2, 1, 1, 1),
(66, 6, 6, 2, 1, 1, 1),
(67, 6, 7, 1, 1, 1, 1),
(68, 6, 8, 1, 1, 1, 1),
(69, 6, 9, 3, 1, 1, 1),
(70, 6, 10, 3, 1, 1, 1),
(71, 6, 11, 4, 1, 1, 1),
(72, 6, 12, 4, 1, 1, 1),
(73, 7, 1, 1, 1, 1, 1),
(74, 7, 2, 1, 1, 1, 1),
(75, 7, 3, 2, 1, 1, 1),
(76, 7, 4, 2, 1, 1, 1),
(77, 7, 5, 3, 1, 1, 1),
(78, 7, 6, 2, 1, 1, 1),
(79, 7, 7, 2, 1, 1, 1),
(80, 7, 8, 3, 1, 1, 1),
(81, 7, 9, 2, 1, 1, 1),
(82, 7, 10, 4, 1, 1, 1),
(83, 7, 11, 5, 1, 1, 1),
(84, 7, 12, 4, 1, 1, 1),
(85, 8, 1, 2, 1, 1, 1),
(86, 8, 2, 1, 1, 1, 1),
(87, 8, 3, 1, 1, 1, 1),
(88, 8, 4, 1, 1, 1, 1),
(89, 8, 5, 2, 1, 1, 1),
(90, 8, 6, 2, 1, 1, 1),
(91, 8, 7, 1, 1, 1, 1),
(92, 8, 8, 3, 1, 1, 1),
(93, 8, 9, 2, 1, 1, 1),
(94, 8, 10, 2, 1, 1, 1),
(95, 8, 11, 3, 1, 1, 1),
(96, 8, 12, 4, 1, 1, 1),
(97, 9, 1, 2, 1, 1, 1),
(98, 9, 2, 1, 1, 1, 1),
(99, 9, 3, 2, 1, 1, 1),
(100, 9, 4, 2, 1, 1, 1),
(101, 9, 5, 2, 1, 1, 1),
(102, 9, 6, 2, 1, 1, 1),
(103, 9, 7, 2, 1, 1, 1),
(104, 9, 8, 2, 1, 1, 1),
(105, 9, 9, 2, 1, 1, 1),
(106, 9, 10, 3, 1, 1, 1),
(107, 9, 11, 3, 1, 1, 1),
(108, 9, 12, 3, 1, 1, 1),
(109, 10, 1, 2, 1, 1, 1),
(110, 10, 2, 2, 1, 1, 1),
(111, 10, 3, 1, 1, 1, 1),
(112, 10, 4, 2, 1, 1, 1),
(113, 10, 5, 2, 1, 1, 1),
(114, 10, 6, 2, 1, 1, 1),
(115, 10, 7, 2, 1, 1, 1),
(116, 10, 8, 2, 1, 1, 1),
(117, 10, 9, 2, 1, 1, 1),
(118, 10, 10, 3, 1, 1, 1),
(119, 10, 11, 4, 1, 1, 1),
(120, 10, 12, 3, 1, 1, 1),
(121, 11, 1, 2, 1, 1, 1),
(122, 11, 2, 1, 1, 1, 1),
(123, 11, 3, 2, 1, 1, 1),
(124, 11, 4, 2, 1, 1, 1),
(125, 11, 5, 1, 1, 1, 1),
(126, 11, 6, 2, 1, 1, 1),
(127, 11, 7, 2, 1, 1, 1),
(128, 11, 8, 1, 1, 1, 1),
(129, 11, 9, 2, 1, 1, 1),
(130, 11, 10, 3, 1, 1, 1),
(131, 11, 11, 3, 1, 1, 1),
(132, 11, 12, 3, 1, 1, 1),
(133, 12, 1, 1, 1, 1, 1),
(134, 12, 2, 1, 1, 1, 1),
(135, 12, 3, 1, 1, 1, 1),
(136, 12, 4, 2, 1, 1, 1),
(137, 12, 5, 1, 1, 1, 1),
(138, 12, 6, 2, 1, 1, 1),
(139, 12, 7, 3, 1, 1, 1),
(140, 12, 8, 2, 1, 1, 1),
(141, 12, 9, 2, 1, 1, 1),
(142, 12, 10, 3, 1, 1, 1),
(143, 12, 11, 4, 1, 1, 1),
(144, 12, 12, 4, 1, 1, 1),
(145, 13, 1, 2, 1, 1, 1),
(146, 13, 2, 1, 1, 1, 1),
(147, 13, 3, 1, 1, 1, 1),
(148, 13, 4, 1, 1, 1, 1),
(149, 13, 5, 2, 1, 1, 1),
(150, 13, 6, 2, 1, 1, 1),
(151, 13, 7, 1, 1, 1, 1),
(152, 13, 8, 2, 1, 1, 1),
(153, 13, 9, 2, 1, 1, 1),
(154, 13, 10, 3, 1, 1, 1),
(155, 13, 11, 3, 1, 1, 1),
(156, 13, 12, 3, 1, 1, 1),
(157, 14, 1, 1, 1, 1, 1),
(158, 14, 2, 2, 1, 1, 1),
(159, 14, 3, 1, 1, 1, 1),
(160, 14, 4, 2, 1, 1, 1),
(161, 14, 5, 1, 1, 1, 1),
(162, 14, 6, 2, 1, 1, 1),
(163, 14, 7, 2, 1, 1, 1),
(164, 14, 8, 2, 1, 1, 1),
(165, 14, 9, 2, 1, 1, 1),
(166, 14, 10, 2, 1, 1, 1),
(167, 14, 11, 3, 1, 1, 1),
(168, 14, 12, 3, 1, 1, 1),
(169, 15, 1, 1, 1, 1, 1),
(170, 15, 2, 2, 1, 1, 1),
(171, 15, 3, 3, 1, 1, 1),
(172, 15, 4, 3, 1, 1, 1),
(173, 15, 5, 2, 1, 1, 1),
(174, 15, 6, 2, 1, 1, 1),
(175, 15, 7, 2, 1, 1, 1),
(176, 15, 8, 2, 1, 1, 1),
(177, 15, 9, 3, 1, 1, 1),
(178, 15, 10, 2, 1, 1, 1),
(179, 15, 11, 4, 1, 1, 1),
(180, 15, 12, 4, 1, 1, 1),
(181, 16, 1, 1, 1, 1, 1),
(182, 16, 2, 1, 1, 1, 1),
(183, 16, 3, 2, 1, 1, 1),
(184, 16, 4, 1, 1, 1, 1),
(185, 16, 5, 1, 1, 1, 1),
(186, 16, 6, 2, 1, 1, 1),
(187, 16, 7, 3, 1, 1, 1),
(188, 16, 8, 2, 1, 1, 1),
(189, 16, 9, 2, 1, 1, 1),
(190, 16, 10, 3, 1, 1, 1),
(191, 16, 11, 3, 1, 1, 1),
(192, 16, 12, 4, 1, 1, 1),
(193, 17, 1, 2, 1, 1, 1),
(194, 17, 2, 1, 1, 1, 1),
(195, 17, 3, 1, 1, 1, 1),
(196, 17, 4, 2, 1, 1, 1),
(197, 17, 5, 2, 1, 1, 1),
(198, 17, 6, 2, 1, 1, 1),
(199, 17, 7, 3, 1, 1, 1),
(200, 17, 8, 2, 1, 1, 1),
(201, 17, 9, 3, 1, 1, 1),
(202, 17, 10, 3, 1, 1, 1),
(203, 17, 11, 4, 1, 1, 1),
(204, 17, 12, 4, 1, 1, 1),
(205, 18, 1, 3, 1, 1, 1),
(206, 18, 2, 1, 1, 1, 1),
(207, 18, 3, 2, 1, 1, 1),
(208, 18, 4, 3, 1, 1, 1),
(209, 18, 5, 2, 1, 1, 1),
(210, 18, 6, 3, 1, 1, 1),
(211, 18, 7, 2, 1, 1, 1),
(212, 18, 8, 2, 1, 1, 1),
(213, 18, 9, 2, 1, 1, 1),
(214, 18, 10, 4, 1, 1, 1),
(215, 18, 11, 3, 1, 1, 1),
(216, 18, 12, 4, 1, 1, 1),
(217, 19, 1, 1, 1, 1, 1),
(218, 19, 2, 2, 1, 1, 1),
(219, 19, 3, 2, 1, 1, 1),
(220, 19, 4, 1, 1, 1, 1),
(221, 19, 5, 1, 1, 1, 1),
(222, 19, 6, 2, 1, 1, 1),
(223, 19, 7, 3, 1, 1, 1),
(224, 19, 8, 2, 1, 1, 1),
(225, 19, 9, 2, 1, 1, 1),
(226, 19, 10, 3, 1, 1, 1),
(227, 19, 11, 4, 1, 1, 1),
(228, 19, 12, 4, 1, 1, 1),
(229, 20, 1, 1, 1, 1, 1),
(230, 20, 2, 2, 1, 1, 1),
(231, 20, 3, 1, 1, 1, 1),
(232, 20, 4, 2, 1, 1, 1),
(233, 20, 5, 1, 1, 1, 1),
(234, 20, 6, 2, 1, 1, 1),
(235, 20, 7, 2, 1, 1, 1),
(236, 20, 8, 2, 1, 1, 1),
(237, 20, 9, 2, 1, 1, 1),
(238, 20, 10, 3, 1, 1, 1),
(239, 20, 11, 3, 1, 1, 1),
(240, 20, 12, 4, 1, 1, 1),
(241, 21, 1, 1, 1, 1, 1),
(242, 21, 2, 1, 1, 1, 1),
(243, 21, 3, 1, 1, 1, 1),
(244, 21, 4, 1, 1, 1, 1),
(245, 21, 5, 1, 1, 1, 1),
(246, 21, 6, 2, 1, 1, 1),
(247, 21, 7, 2, 1, 1, 1),
(248, 21, 8, 2, 1, 1, 1),
(249, 21, 9, 2, 1, 1, 1),
(250, 21, 10, 3, 1, 1, 1),
(251, 21, 11, 1, 1, 1, 1),
(252, 21, 12, 5, 1, 1, 1),
(253, 22, 1, 2, 1, 1, 1),
(254, 22, 2, 1, 1, 1, 1),
(255, 22, 3, 1, 1, 1, 1),
(256, 22, 4, 1, 1, 1, 1),
(257, 22, 5, 2, 1, 1, 1),
(258, 22, 6, 1, 1, 1, 1),
(259, 22, 7, 2, 1, 1, 1),
(260, 22, 8, 2, 1, 1, 1),
(261, 22, 9, 1, 1, 1, 1),
(262, 22, 10, 3, 1, 1, 1),
(263, 22, 11, 3, 1, 1, 1),
(264, 22, 12, 4, 1, 1, 1),
(265, 23, 1, 2, 1, 1, 1),
(266, 23, 2, 2, 1, 1, 1),
(267, 23, 3, 2, 1, 1, 1),
(268, 23, 4, 3, 1, 1, 1),
(269, 23, 5, 2, 1, 1, 1),
(270, 23, 6, 2, 1, 1, 1),
(271, 23, 7, 2, 1, 1, 1),
(272, 23, 8, 3, 1, 1, 1),
(273, 23, 9, 2, 1, 1, 1),
(274, 23, 10, 2, 1, 1, 1),
(275, 23, 11, 3, 1, 1, 1),
(276, 23, 12, 4, 1, 1, 1),
(277, 24, 1, 2, 1, 1, 1),
(278, 24, 2, 2, 1, 1, 1),
(279, 24, 3, 2, 1, 1, 1),
(280, 24, 4, 2, 1, 1, 1),
(281, 24, 5, 2, 1, 1, 1),
(282, 24, 6, 3, 1, 1, 1),
(283, 24, 7, 3, 1, 1, 1),
(284, 24, 8, 3, 1, 1, 1),
(285, 24, 9, 2, 1, 1, 1),
(286, 24, 10, 3, 1, 1, 1),
(287, 24, 11, 3, 1, 1, 1),
(288, 24, 12, 4, 1, 1, 1),
(289, 25, 1, 2, 1, 1, 1),
(290, 25, 2, 3, 1, 1, 1),
(291, 25, 3, 3, 1, 1, 1),
(292, 25, 4, 1, 1, 1, 1),
(293, 25, 5, 2, 1, 1, 1),
(294, 25, 6, 2, 1, 1, 1),
(295, 25, 7, 2, 1, 1, 1),
(296, 25, 8, 2, 1, 1, 1),
(297, 25, 9, 2, 1, 1, 1),
(298, 25, 10, 4, 1, 1, 1),
(299, 25, 11, 5, 1, 1, 1),
(300, 25, 12, 5, 1, 1, 1),
(301, 26, 1, 2, 1, 1, 1),
(302, 26, 2, 2, 1, 1, 1),
(303, 26, 3, 2, 1, 1, 1),
(304, 26, 4, 2, 1, 1, 1),
(305, 26, 5, 2, 1, 1, 1),
(306, 26, 6, 3, 1, 1, 1),
(307, 26, 7, 2, 1, 1, 1),
(308, 26, 8, 3, 1, 1, 1),
(309, 26, 9, 2, 1, 1, 1),
(310, 26, 10, 3, 1, 1, 1),
(311, 26, 11, 3, 1, 1, 1),
(312, 26, 12, 4, 1, 1, 1),
(313, 27, 1, 3, 1, 1, 1),
(314, 27, 2, 2, 1, 1, 1),
(315, 27, 3, 2, 1, 1, 1),
(316, 27, 4, 2, 1, 1, 1),
(317, 27, 5, 2, 1, 1, 1),
(318, 27, 6, 3, 1, 1, 1),
(319, 27, 7, 2, 1, 1, 1),
(320, 27, 8, 2, 1, 1, 1),
(321, 27, 9, 3, 1, 1, 1),
(322, 27, 10, 3, 1, 1, 1),
(323, 27, 11, 5, 1, 1, 1),
(324, 27, 12, 3, 1, 1, 1),
(325, 28, 1, 2, 1, 1, 1),
(326, 28, 2, 2, 1, 1, 1),
(327, 28, 3, 2, 1, 1, 1),
(328, 28, 4, 2, 1, 1, 1),
(329, 28, 5, 2, 1, 1, 1),
(330, 28, 6, 2, 1, 1, 1),
(331, 28, 7, 2, 1, 1, 1),
(332, 28, 8, 3, 1, 1, 1),
(333, 28, 9, 2, 1, 1, 1),
(334, 28, 10, 4, 1, 1, 1),
(335, 28, 11, 5, 1, 1, 1),
(336, 28, 12, 5, 1, 1, 1),
(337, 29, 1, 2, 1, 1, 1),
(338, 29, 2, 3, 1, 1, 1),
(339, 29, 3, 2, 1, 1, 1),
(340, 29, 4, 2, 1, 1, 1),
(341, 29, 5, 2, 1, 1, 1),
(342, 29, 6, 3, 1, 1, 1),
(343, 29, 7, 4, 1, 1, 1),
(344, 29, 8, 3, 1, 1, 1),
(345, 29, 9, 2, 1, 1, 1),
(346, 29, 10, 4, 1, 1, 1),
(347, 29, 11, 5, 1, 1, 1),
(348, 29, 12, 5, 1, 1, 1),
(349, 30, 1, 2, 1, 1, 1),
(350, 30, 2, 2, 1, 1, 1),
(351, 30, 3, 4, 1, 1, 1),
(352, 30, 4, 3, 1, 1, 1),
(353, 30, 5, 3, 1, 1, 1),
(354, 30, 6, 1, 1, 1, 1),
(355, 30, 7, 3, 1, 1, 1),
(356, 30, 8, 2, 1, 1, 1),
(357, 30, 9, 4, 1, 1, 1),
(358, 30, 10, 4, 1, 1, 1),
(359, 30, 11, 4, 1, 1, 1),
(360, 30, 12, 5, 1, 1, 1),
(361, 31, 1, 2, 1, 1, 1),
(362, 31, 2, 2, 1, 1, 1),
(363, 31, 3, 3, 1, 1, 1),
(364, 31, 4, 2, 1, 1, 1),
(365, 31, 5, 2, 1, 1, 1),
(366, 31, 6, 3, 1, 1, 1),
(367, 31, 7, 4, 1, 1, 1),
(368, 31, 8, 3, 1, 1, 1),
(369, 31, 9, 2, 1, 1, 1),
(370, 31, 10, 3, 1, 1, 1),
(371, 31, 11, 4, 1, 1, 1),
(372, 31, 12, 5, 1, 1, 1),
(373, 32, 1, 2, 1, 1, 1),
(374, 32, 2, 2, 1, 1, 1),
(375, 32, 3, 2, 1, 1, 1),
(376, 32, 4, 2, 1, 1, 1),
(377, 32, 5, 2, 1, 1, 1),
(378, 32, 6, 3, 1, 1, 1),
(379, 32, 7, 3, 1, 1, 1),
(380, 32, 8, 2, 1, 1, 1),
(381, 32, 9, 2, 1, 1, 1),
(382, 32, 10, 4, 1, 1, 1),
(383, 32, 11, 5, 1, 1, 1),
(384, 32, 12, 5, 1, 1, 1),
(385, 33, 1, 2, 1, 1, 1),
(386, 33, 2, 2, 1, 1, 1),
(387, 33, 3, 3, 1, 1, 1),
(388, 33, 4, 3, 1, 1, 1),
(389, 33, 5, 3, 1, 1, 1),
(390, 33, 6, 4, 1, 1, 1),
(391, 33, 7, 3, 1, 1, 1),
(392, 33, 8, 2, 1, 1, 1),
(393, 33, 9, 4, 1, 1, 1),
(394, 33, 10, 5, 1, 1, 1),
(395, 33, 11, 5, 1, 1, 1),
(396, 33, 12, 5, 1, 1, 1),
(397, 34, 1, 2, 1, 1, 1),
(398, 34, 2, 3, 1, 1, 1),
(399, 34, 3, 3, 1, 1, 1),
(400, 34, 4, 4, 1, 1, 1),
(401, 34, 5, 4, 1, 1, 1),
(402, 34, 6, 4, 1, 1, 1),
(403, 34, 7, 4, 1, 1, 1),
(404, 34, 8, 4, 1, 1, 1),
(405, 34, 9, 2, 1, 1, 1),
(406, 34, 10, 4, 1, 1, 1),
(407, 34, 11, 5, 1, 1, 1),
(408, 34, 12, 5, 1, 1, 1),
(409, 35, 1, 3, 1, 1, 1),
(410, 35, 2, 2, 1, 1, 1),
(411, 35, 3, 3, 1, 1, 1),
(412, 35, 4, 4, 1, 1, 1),
(413, 35, 5, 3, 1, 1, 1),
(414, 35, 6, 3, 1, 1, 1),
(415, 35, 7, 5, 1, 1, 1),
(416, 35, 8, 2, 1, 1, 1),
(417, 35, 9, 4, 1, 1, 1),
(418, 35, 10, 4, 1, 1, 1),
(419, 35, 11, 5, 1, 1, 1),
(420, 35, 12, 5, 1, 1, 1),
(421, 36, 1, 3, 1, 1, 1),
(422, 36, 2, 3, 1, 1, 1),
(423, 36, 3, 3, 1, 1, 1),
(424, 36, 4, 4, 1, 1, 1),
(425, 36, 5, 4, 1, 1, 1),
(426, 36, 6, 4, 1, 1, 1),
(427, 36, 7, 4, 1, 1, 1),
(428, 36, 8, 3, 1, 1, 1),
(429, 36, 9, 3, 1, 1, 1),
(430, 36, 10, 5, 1, 1, 1),
(431, 36, 11, 5, 1, 1, 1),
(432, 36, 12, 5, 1, 1, 1),
(433, 37, 1, 2, 1, 1, 1),
(434, 37, 2, 2, 1, 1, 1),
(435, 37, 3, 3, 1, 1, 1),
(436, 37, 4, 3, 1, 1, 1),
(437, 37, 5, 2, 1, 1, 1),
(438, 37, 6, 3, 1, 1, 1),
(439, 37, 7, 4, 1, 1, 1),
(440, 37, 8, 3, 1, 1, 1),
(441, 37, 9, 2, 1, 1, 1),
(442, 37, 10, 5, 1, 1, 1),
(443, 37, 11, 4, 1, 1, 1),
(444, 37, 12, 5, 1, 1, 1),
(445, 38, 1, 2, 1, 1, 1),
(446, 38, 2, 4, 1, 1, 1),
(447, 38, 3, 2, 1, 1, 1),
(448, 38, 4, 3, 1, 1, 1),
(449, 38, 5, 2, 1, 1, 1),
(450, 38, 6, 3, 1, 1, 1),
(451, 38, 7, 3, 1, 1, 1),
(452, 38, 8, 4, 1, 1, 1),
(453, 38, 9, 4, 1, 1, 1),
(454, 38, 10, 4, 1, 1, 1),
(455, 38, 11, 5, 1, 1, 1),
(456, 38, 12, 5, 1, 1, 1),
(457, 39, 1, 3, 1, 1, 1),
(458, 39, 2, 1, 1, 1, 1),
(459, 39, 3, 2, 1, 1, 1),
(460, 39, 4, 2, 1, 1, 1),
(461, 39, 5, 3, 1, 1, 1),
(462, 39, 6, 2, 1, 1, 1),
(463, 39, 7, 4, 1, 1, 1),
(464, 39, 8, 4, 1, 1, 1),
(465, 39, 9, 3, 1, 1, 1),
(466, 39, 10, 4, 1, 1, 1),
(467, 39, 11, 5, 1, 1, 1),
(468, 39, 12, 5, 1, 1, 1),
(469, 40, 1, 2, 1, 1, 1),
(470, 40, 2, 3, 1, 1, 1),
(471, 40, 3, 4, 1, 1, 1),
(472, 40, 4, 3, 1, 1, 1),
(473, 40, 5, 3, 1, 1, 1),
(474, 40, 6, 4, 1, 1, 1),
(475, 40, 7, 4, 1, 1, 1),
(476, 40, 8, 4, 1, 1, 1),
(477, 40, 9, 4, 1, 1, 1),
(478, 40, 10, 5, 1, 1, 1),
(479, 40, 11, 5, 1, 1, 1),
(480, 40, 12, 5, 1, 1, 1),
(481, 41, 1, 3, 1, 1, 1),
(482, 41, 2, 3, 1, 1, 1),
(483, 41, 3, 2, 1, 1, 1),
(484, 41, 4, 3, 1, 1, 1),
(485, 41, 5, 3, 1, 1, 1),
(486, 41, 6, 4, 1, 1, 1),
(487, 41, 7, 3, 1, 1, 1),
(488, 41, 8, 4, 1, 1, 1),
(489, 41, 9, 3, 1, 1, 1),
(490, 41, 10, 4, 1, 1, 1),
(491, 41, 11, 5, 1, 1, 1),
(492, 41, 12, 5, 1, 1, 1),
(493, 42, 1, 3, 1, 1, 1),
(494, 42, 2, 2, 1, 1, 1),
(495, 42, 3, 3, 1, 1, 1),
(496, 42, 4, 2, 1, 1, 1),
(497, 42, 5, 2, 1, 1, 1),
(498, 42, 6, 3, 1, 1, 1),
(499, 42, 7, 3, 1, 1, 1),
(500, 42, 8, 4, 1, 1, 1),
(501, 42, 9, 3, 1, 1, 1),
(502, 42, 10, 3, 1, 1, 1),
(503, 42, 11, 5, 1, 1, 1),
(504, 42, 12, 5, 1, 1, 1),
(505, 43, 1, 2, 1, 1, 1),
(506, 43, 2, 2, 1, 1, 1),
(507, 43, 3, 3, 1, 1, 1),
(508, 43, 4, 3, 1, 1, 1),
(509, 43, 5, 5, 1, 1, 1),
(510, 43, 6, 5, 1, 1, 1),
(511, 43, 7, 5, 1, 1, 1),
(512, 43, 8, 4, 1, 1, 1),
(513, 43, 9, 5, 1, 1, 1),
(514, 43, 10, 5, 1, 1, 1),
(515, 43, 11, 5, 1, 1, 1),
(516, 43, 12, 5, 1, 1, 1),
(517, 44, 1, 4, 1, 1, 1),
(518, 44, 2, 4, 1, 1, 1),
(519, 44, 3, 5, 1, 1, 1),
(520, 44, 4, 4, 1, 1, 1),
(521, 44, 5, 5, 1, 1, 1),
(522, 44, 6, 5, 1, 1, 1),
(523, 44, 7, 5, 1, 1, 1),
(524, 44, 8, 5, 1, 1, 1),
(525, 44, 9, 5, 1, 1, 1),
(526, 44, 10, 5, 1, 1, 1),
(527, 44, 11, 5, 1, 1, 1),
(528, 44, 12, 5, 1, 1, 1),
(529, 45, 1, 4, 1, 1, 1),
(530, 45, 2, 4, 1, 1, 1),
(531, 45, 3, 4, 1, 1, 1),
(532, 45, 4, 5, 1, 1, 1),
(533, 45, 5, 4, 1, 1, 1),
(534, 45, 6, 5, 1, 1, 1),
(535, 45, 7, 5, 1, 1, 1),
(536, 45, 8, 5, 1, 1, 1),
(537, 45, 9, 5, 1, 1, 1),
(538, 45, 10, 5, 1, 1, 1),
(539, 45, 11, 5, 1, 1, 1),
(540, 45, 12, 5, 1, 1, 1),
(541, 46, 1, 2, 1, 1, 1),
(542, 46, 2, 4, 1, 1, 1),
(543, 46, 3, 4, 1, 1, 1),
(544, 46, 4, 3, 1, 1, 1),
(545, 46, 5, 3, 1, 1, 1),
(546, 46, 6, 4, 1, 1, 1),
(547, 46, 7, 4, 1, 1, 1),
(548, 46, 8, 4, 1, 1, 1),
(549, 46, 9, 5, 1, 1, 1),
(550, 46, 10, 5, 1, 1, 1),
(551, 46, 11, 5, 1, 1, 1),
(552, 46, 12, 5, 1, 1, 1),
(553, 47, 1, 3, 1, 1, 1),
(554, 47, 2, 4, 1, 1, 1),
(555, 47, 3, 5, 1, 1, 1),
(556, 47, 4, 3, 1, 1, 1),
(557, 47, 5, 3, 1, 1, 1),
(558, 47, 6, 3, 1, 1, 1),
(559, 47, 7, 5, 1, 1, 1),
(560, 47, 8, 5, 1, 1, 1),
(561, 47, 9, 5, 1, 1, 1),
(562, 47, 10, 5, 1, 1, 1),
(563, 47, 11, 5, 1, 1, 1),
(564, 47, 12, 5, 1, 1, 1),
(565, 48, 1, 2, 1, 1, 1),
(566, 48, 2, 2, 1, 1, 1),
(567, 48, 3, 3, 1, 1, 1),
(568, 48, 4, 3, 1, 1, 1),
(569, 48, 5, 4, 1, 1, 1),
(570, 48, 6, 5, 1, 1, 1),
(571, 48, 7, 4, 1, 1, 1),
(572, 48, 8, 5, 1, 1, 1),
(573, 48, 9, 5, 1, 1, 1),
(574, 48, 10, 5, 1, 1, 1),
(575, 48, 11, 5, 1, 1, 1),
(576, 48, 12, 5, 1, 1, 1),
(577, 49, 1, 2, 1, 1, 1),
(578, 49, 2, 4, 1, 1, 1),
(579, 49, 3, 2, 1, 1, 1),
(580, 49, 4, 3, 1, 1, 1),
(581, 49, 5, 3, 1, 1, 1),
(582, 49, 6, 4, 1, 1, 1),
(583, 49, 7, 5, 1, 1, 1),
(584, 49, 8, 5, 1, 1, 1),
(585, 49, 9, 5, 1, 1, 1),
(586, 49, 10, 5, 1, 1, 1),
(587, 49, 11, 5, 1, 1, 1),
(588, 49, 12, 5, 1, 1, 1),
(589, 50, 1, 2, 1, 1, 1),
(590, 50, 2, 2, 1, 1, 1),
(591, 50, 3, 3, 1, 1, 1),
(592, 50, 4, 3, 1, 1, 1),
(593, 50, 5, 3, 1, 1, 1),
(594, 50, 6, 3, 1, 1, 1),
(595, 50, 7, 5, 1, 1, 1),
(596, 50, 8, 5, 1, 1, 1),
(597, 50, 9, 5, 1, 1, 1),
(598, 50, 10, 5, 1, 1, 1),
(599, 50, 11, 5, 1, 1, 1),
(600, 50, 12, 5, 1, 1, 1),
(601, 51, 1, 4, 1, 1, 1),
(602, 51, 2, 4, 1, 1, 1),
(603, 51, 3, 4, 1, 1, 1),
(604, 51, 4, 4, 1, 1, 1),
(605, 51, 5, 4, 1, 1, 1),
(606, 51, 6, 5, 1, 1, 1),
(607, 51, 7, 4, 1, 1, 1),
(608, 51, 8, 5, 1, 1, 1),
(609, 51, 9, 5, 1, 1, 1),
(610, 51, 10, 5, 1, 1, 1),
(611, 51, 11, 5, 1, 1, 1),
(612, 51, 12, 5, 1, 1, 1),
(613, 52, 1, 2, 1, 1, 1),
(614, 52, 2, 3, 1, 1, 1),
(615, 52, 3, 3, 1, 1, 1),
(616, 52, 4, 2, 1, 1, 1),
(617, 52, 5, 3, 1, 1, 1),
(618, 52, 6, 3, 1, 1, 1),
(619, 52, 7, 4, 1, 1, 1),
(620, 52, 8, 4, 1, 1, 1),
(621, 52, 9, 5, 1, 1, 1),
(622, 52, 10, 5, 1, 1, 1),
(623, 52, 11, 5, 1, 1, 1),
(624, 52, 12, 5, 1, 1, 1),
(625, 53, 1, 2, 1, 1, 1),
(626, 53, 2, 2, 1, 1, 1),
(627, 53, 3, 4, 1, 1, 1),
(628, 53, 4, 4, 1, 1, 1),
(629, 53, 5, 3, 1, 1, 1),
(630, 53, 6, 3, 1, 1, 1),
(631, 53, 7, 5, 1, 1, 1),
(632, 53, 8, 5, 1, 1, 1),
(633, 53, 9, 5, 1, 1, 1),
(634, 53, 10, 5, 1, 1, 1),
(635, 53, 11, 5, 1, 1, 1),
(636, 53, 12, 5, 1, 1, 1),
(637, 54, 1, 3, 1, 1, 1),
(638, 54, 2, 3, 1, 1, 1),
(639, 54, 3, 5, 1, 1, 1),
(640, 54, 4, 3, 1, 1, 1),
(641, 54, 5, 3, 1, 1, 1),
(642, 54, 6, 5, 1, 1, 1),
(643, 54, 7, 5, 1, 1, 1),
(644, 54, 8, 5, 1, 1, 1),
(645, 54, 9, 5, 1, 1, 1),
(646, 54, 10, 5, 1, 1, 1),
(647, 54, 11, 5, 1, 1, 1),
(648, 54, 12, 5, 1, 1, 1),
(649, 55, 1, 4, 1, 1, 1),
(650, 55, 2, 4, 1, 1, 1),
(651, 55, 3, 5, 1, 1, 1),
(652, 55, 4, 5, 1, 1, 1),
(653, 55, 5, 5, 1, 1, 1),
(654, 55, 6, 4, 1, 1, 1),
(655, 55, 7, 5, 1, 1, 1),
(656, 55, 8, 5, 1, 1, 1),
(657, 55, 9, 5, 1, 1, 1),
(658, 55, 10, 5, 1, 1, 1),
(659, 55, 11, 5, 1, 1, 1),
(660, 55, 12, 5, 1, 1, 1),
(661, 56, 1, 4, 1, 1, 1),
(662, 56, 2, 3, 1, 1, 1),
(663, 56, 3, 3, 1, 1, 1),
(664, 56, 4, 3, 1, 1, 1),
(665, 56, 5, 4, 1, 1, 1),
(666, 56, 6, 4, 1, 1, 1),
(667, 56, 7, 5, 1, 1, 1),
(668, 56, 8, 5, 1, 1, 1),
(669, 56, 9, 5, 1, 1, 1),
(670, 56, 10, 5, 1, 1, 1),
(671, 56, 11, 5, 1, 1, 1),
(672, 56, 12, 5, 1, 1, 1),
(673, 57, 1, 3, 1, 1, 1),
(674, 57, 2, 3, 1, 1, 1),
(675, 57, 3, 4, 1, 1, 1),
(676, 57, 4, 3, 1, 1, 1),
(677, 57, 5, 4, 1, 1, 1),
(678, 57, 6, 5, 1, 1, 1),
(679, 57, 7, 5, 1, 1, 1),
(680, 57, 8, 5, 1, 1, 1),
(681, 57, 9, 5, 1, 1, 1),
(682, 57, 10, 5, 1, 1, 1),
(683, 57, 11, 5, 1, 1, 1),
(684, 57, 12, 5, 1, 1, 1),
(685, 58, 1, 3, 1, 1, 1),
(686, 58, 2, 3, 1, 1, 1),
(687, 58, 3, 5, 1, 1, 1),
(688, 58, 4, 3, 1, 1, 1),
(689, 58, 5, 4, 1, 1, 1),
(690, 58, 6, 4, 1, 1, 1),
(691, 58, 7, 5, 1, 1, 1),
(692, 58, 8, 5, 1, 1, 1),
(693, 58, 9, 5, 1, 1, 1),
(694, 58, 10, 5, 1, 1, 1),
(695, 58, 11, 5, 1, 1, 1),
(696, 58, 12, 5, 1, 1, 1),
(697, 59, 1, 2, 1, 1, 1),
(698, 59, 2, 4, 1, 1, 1),
(699, 59, 3, 1, 1, 1, 1),
(700, 59, 4, 2, 1, 1, 1),
(701, 59, 5, 3, 1, 1, 1),
(702, 59, 6, 5, 1, 1, 1),
(703, 59, 7, 5, 1, 1, 1),
(704, 59, 8, 5, 1, 1, 1),
(705, 59, 9, 5, 1, 1, 1),
(706, 59, 10, 5, 1, 1, 1),
(707, 59, 11, 5, 1, 1, 1),
(708, 59, 12, 5, 1, 1, 1),
(709, 60, 1, 5, 1, 1, 1),
(710, 60, 2, 5, 1, 1, 1),
(711, 60, 3, 5, 1, 1, 1),
(712, 60, 4, 4, 1, 1, 1),
(713, 60, 5, 5, 1, 1, 1),
(714, 60, 6, 5, 1, 1, 1),
(715, 60, 7, 5, 1, 1, 1),
(716, 60, 8, 5, 1, 1, 1),
(717, 60, 9, 5, 1, 1, 1),
(718, 60, 10, 5, 1, 1, 1),
(719, 60, 11, 5, 1, 1, 1),
(720, 60, 12, 5, 1, 1, 1),
(721, 61, 1, 3, 1, 1, 1),
(722, 61, 2, 4, 1, 1, 1),
(723, 61, 3, 5, 1, 1, 1),
(724, 61, 4, 5, 1, 1, 1),
(725, 61, 5, 5, 1, 1, 1),
(726, 61, 6, 5, 1, 1, 1),
(727, 61, 7, 5, 1, 1, 1),
(728, 61, 8, 5, 1, 1, 1),
(729, 61, 9, 5, 1, 1, 1),
(730, 61, 10, 5, 1, 1, 1),
(731, 61, 11, 5, 1, 1, 1),
(732, 61, 12, 5, 1, 1, 1),
(733, 62, 1, 5, 1, 1, 1),
(734, 62, 2, 4, 1, 1, 1),
(735, 62, 3, 5, 1, 1, 1),
(736, 62, 4, 5, 1, 1, 1),
(737, 62, 5, 5, 1, 1, 1),
(738, 62, 6, 5, 1, 1, 1),
(739, 62, 7, 5, 1, 1, 1),
(740, 62, 8, 5, 1, 1, 1),
(741, 62, 9, 5, 1, 1, 1),
(742, 62, 10, 5, 1, 1, 1),
(743, 62, 11, 5, 1, 1, 1),
(744, 62, 12, 5, 1, 1, 1),
(745, 63, 1, 5, 1, 1, 1),
(746, 63, 2, 5, 1, 1, 1),
(747, 63, 3, 5, 1, 1, 1),
(748, 63, 4, 5, 1, 1, 1),
(749, 63, 5, 5, 1, 1, 1),
(750, 63, 6, 5, 1, 1, 1),
(751, 63, 7, 4, 1, 1, 1),
(752, 63, 8, 5, 1, 1, 1),
(753, 63, 9, 5, 1, 1, 1),
(754, 63, 10, 5, 1, 1, 1),
(755, 63, 11, 5, 1, 1, 1),
(756, 63, 12, 5, 1, 1, 1),
(757, 64, 1, 4, 1, 1, 1),
(758, 64, 2, 5, 1, 1, 1),
(759, 64, 3, 5, 1, 1, 1),
(760, 64, 4, 4, 1, 1, 1),
(761, 64, 5, 5, 1, 1, 1),
(762, 64, 6, 5, 1, 1, 1),
(763, 64, 7, 5, 1, 1, 1),
(764, 64, 8, 5, 1, 1, 1),
(765, 64, 9, 5, 1, 1, 1),
(766, 64, 10, 5, 1, 1, 1),
(767, 64, 11, 5, 1, 1, 1),
(768, 64, 12, 5, 1, 1, 1),
(769, 65, 1, 5, 1, 1, 1),
(770, 65, 2, 4, 1, 1, 1),
(771, 65, 3, 4, 1, 1, 1),
(772, 65, 4, 5, 1, 1, 1),
(773, 65, 5, 5, 1, 1, 1),
(774, 65, 6, 5, 1, 1, 1),
(775, 65, 7, 5, 1, 1, 1),
(776, 65, 8, 5, 1, 1, 1),
(777, 65, 9, 5, 1, 1, 1),
(778, 65, 10, 5, 1, 1, 1),
(779, 65, 11, 5, 1, 1, 1),
(780, 65, 12, 5, 1, 1, 1),
(781, 66, 1, 3, 1, 1, 1),
(782, 66, 2, 4, 1, 1, 1),
(783, 66, 3, 5, 1, 1, 1),
(784, 66, 4, 5, 1, 1, 1),
(785, 66, 5, 5, 1, 1, 1),
(786, 66, 6, 5, 1, 1, 1),
(787, 66, 7, 5, 1, 1, 1),
(788, 66, 8, 5, 1, 1, 1),
(789, 66, 9, 5, 1, 1, 1),
(790, 66, 10, 5, 1, 1, 1),
(791, 66, 11, 5, 1, 1, 1),
(792, 66, 12, 5, 1, 1, 1),
(793, 67, 1, 3, 1, 1, 1),
(794, 67, 2, 5, 1, 1, 1),
(795, 67, 3, 5, 1, 1, 1),
(796, 67, 4, 5, 1, 1, 1),
(797, 67, 5, 4, 1, 1, 1),
(798, 67, 6, 5, 1, 1, 1),
(799, 67, 7, 5, 1, 1, 1),
(800, 67, 8, 5, 1, 1, 1),
(801, 67, 9, 5, 1, 1, 1),
(802, 67, 10, 5, 1, 1, 1),
(803, 67, 11, 5, 1, 1, 1),
(804, 67, 12, 5, 1, 1, 1),
(805, 68, 1, 4, 1, 1, 1),
(806, 68, 2, 4, 1, 1, 1),
(807, 68, 3, 5, 1, 1, 1),
(808, 68, 4, 5, 1, 1, 1),
(809, 68, 5, 5, 1, 1, 1),
(810, 68, 6, 5, 1, 1, 1),
(811, 68, 7, 5, 1, 1, 1),
(812, 68, 8, 5, 1, 1, 1),
(813, 68, 9, 5, 1, 1, 1),
(814, 68, 10, 5, 1, 1, 1),
(815, 68, 11, 5, 1, 1, 1),
(816, 68, 12, 5, 1, 1, 1),
(817, 69, 1, 4, 1, 1, 1),
(818, 69, 2, 3, 1, 1, 1),
(819, 69, 3, 5, 1, 1, 1),
(820, 69, 4, 5, 1, 1, 1),
(821, 69, 5, 5, 1, 1, 1),
(822, 69, 6, 5, 1, 1, 1),
(823, 69, 7, 5, 1, 1, 1),
(824, 69, 8, 5, 1, 1, 1),
(825, 69, 9, 5, 1, 1, 1),
(826, 69, 10, 5, 1, 1, 1),
(827, 69, 11, 5, 1, 1, 1),
(828, 69, 12, 5, 1, 1, 1),
(829, 70, 1, 3, 1, 1, 1),
(830, 70, 2, 5, 1, 1, 1),
(831, 70, 3, 4, 1, 1, 1),
(832, 70, 4, 5, 1, 1, 1),
(833, 70, 5, 5, 1, 1, 1),
(834, 70, 6, 5, 1, 1, 1),
(835, 70, 7, 5, 1, 1, 1),
(836, 70, 8, 5, 1, 1, 1),
(837, 70, 9, 5, 1, 1, 1),
(838, 70, 10, 5, 1, 1, 1),
(839, 70, 11, 5, 1, 1, 1),
(840, 70, 12, 5, 1, 1, 1),
(841, 71, 1, 4, 1, 1, 1),
(842, 71, 2, 5, 1, 1, 1),
(843, 71, 3, 5, 1, 1, 1),
(844, 71, 4, 4, 1, 1, 1),
(845, 71, 5, 5, 1, 1, 1),
(846, 71, 6, 5, 1, 1, 1),
(847, 71, 7, 5, 1, 1, 1),
(848, 71, 8, 5, 1, 1, 1),
(849, 71, 9, 5, 1, 1, 1),
(850, 71, 10, 5, 1, 1, 1),
(851, 71, 11, 5, 1, 1, 1),
(852, 71, 12, 5, 1, 1, 1),
(853, 72, 1, 5, 1, 1, 1),
(854, 72, 2, 5, 1, 1, 1),
(855, 72, 3, 5, 1, 1, 1),
(856, 72, 4, 4, 1, 1, 1),
(857, 72, 5, 5, 1, 1, 1),
(858, 72, 6, 5, 1, 1, 1),
(859, 72, 7, 5, 1, 1, 1),
(860, 72, 8, 5, 1, 1, 1),
(861, 72, 9, 5, 1, 1, 1),
(862, 72, 10, 5, 1, 1, 1),
(863, 72, 11, 5, 1, 1, 1),
(864, 72, 12, 5, 1, 1, 1),
(865, 73, 1, 3, 1, 1, 1),
(866, 73, 2, 5, 1, 1, 1),
(867, 73, 3, 5, 1, 1, 1),
(868, 73, 4, 4, 1, 1, 1),
(869, 73, 5, 5, 1, 1, 1),
(870, 73, 6, 5, 1, 1, 1),
(871, 73, 7, 5, 1, 1, 1),
(872, 73, 8, 5, 1, 1, 1),
(873, 73, 9, 5, 1, 1, 1),
(874, 73, 10, 5, 1, 1, 1),
(875, 73, 11, 5, 1, 1, 1),
(876, 73, 12, 5, 1, 1, 1),
(877, 74, 1, 4, 1, 1, 1),
(878, 74, 2, 5, 1, 1, 1),
(879, 74, 3, 5, 1, 1, 1),
(880, 74, 4, 5, 1, 1, 1),
(881, 74, 5, 3, 1, 1, 1),
(882, 74, 6, 5, 1, 1, 1),
(883, 74, 7, 5, 1, 1, 1),
(884, 74, 8, 5, 1, 1, 1),
(885, 74, 9, 5, 1, 1, 1),
(886, 74, 10, 5, 1, 1, 1),
(887, 74, 11, 5, 1, 1, 1),
(888, 74, 12, 5, 1, 1, 1),
(889, 75, 1, 5, 1, 1, 1),
(890, 75, 2, 5, 1, 1, 1),
(891, 75, 3, 5, 1, 1, 1),
(892, 75, 4, 4, 1, 1, 1),
(893, 75, 5, 4, 1, 1, 1),
(894, 75, 6, 5, 1, 1, 1),
(895, 75, 7, 5, 1, 1, 1),
(896, 75, 8, 5, 1, 1, 1),
(897, 75, 9, 5, 1, 1, 1),
(898, 75, 10, 5, 1, 1, 1),
(899, 75, 11, 5, 1, 1, 1),
(900, 75, 12, 5, 1, 1, 1),
(901, 76, 1, 5, 1, 1, 1),
(902, 76, 2, 5, 1, 1, 1),
(903, 76, 3, 4, 1, 1, 1),
(904, 76, 4, 5, 1, 1, 1),
(905, 76, 5, 5, 1, 1, 1),
(906, 76, 6, 5, 1, 1, 1),
(907, 76, 7, 5, 1, 1, 1),
(908, 76, 8, 5, 1, 1, 1),
(909, 76, 9, 5, 1, 1, 1),
(910, 76, 10, 5, 1, 1, 1),
(911, 76, 11, 5, 1, 1, 1),
(912, 76, 12, 5, 1, 1, 1),
(913, 77, 1, 3, 1, 1, 1),
(914, 77, 2, 4, 1, 1, 1),
(915, 77, 3, 4, 1, 1, 1),
(916, 77, 4, 5, 1, 1, 1),
(917, 77, 5, 5, 1, 1, 1),
(918, 77, 6, 5, 1, 1, 1),
(919, 77, 7, 5, 1, 1, 1),
(920, 77, 8, 5, 1, 1, 1),
(921, 77, 9, 5, 1, 1, 1),
(922, 77, 10, 5, 1, 1, 1),
(923, 77, 11, 5, 1, 1, 1),
(924, 77, 12, 5, 1, 1, 1),
(925, 78, 1, 4, 1, 1, 1),
(926, 78, 2, 4, 1, 1, 1),
(927, 78, 3, 5, 1, 1, 1),
(928, 78, 4, 5, 1, 1, 1),
(929, 78, 5, 5, 1, 1, 1),
(930, 78, 6, 5, 1, 1, 1),
(931, 78, 7, 5, 1, 1, 1),
(932, 78, 8, 5, 1, 1, 1),
(933, 78, 9, 5, 1, 1, 1),
(934, 78, 10, 5, 1, 1, 1),
(935, 78, 11, 5, 1, 1, 1),
(936, 78, 12, 5, 1, 1, 1),
(937, 79, 1, 5, 1, 1, 1),
(938, 79, 2, 5, 1, 1, 1),
(939, 79, 3, 5, 1, 1, 1),
(940, 79, 4, 3, 1, 1, 1),
(941, 79, 5, 5, 1, 1, 1),
(942, 79, 6, 5, 1, 1, 1),
(943, 79, 7, 5, 1, 1, 1),
(944, 79, 8, 5, 1, 1, 1),
(945, 79, 9, 5, 1, 1, 1),
(946, 79, 10, 5, 1, 1, 1),
(947, 79, 11, 5, 1, 1, 1),
(948, 79, 12, 5, 1, 1, 1),
(949, 80, 1, 4, 1, 1, 1),
(950, 80, 2, 5, 1, 1, 1),
(951, 80, 3, 5, 1, 1, 1),
(952, 80, 4, 3, 1, 1, 1),
(953, 80, 5, 5, 1, 1, 1),
(954, 80, 6, 5, 1, 1, 1),
(955, 80, 7, 5, 1, 1, 1),
(956, 80, 8, 5, 1, 1, 1),
(957, 80, 9, 5, 1, 1, 1),
(958, 80, 10, 5, 1, 1, 1),
(959, 80, 11, 5, 1, 1, 1),
(960, 80, 12, 5, 1, 1, 1),
(961, 81, 1, 3, 1, 1, 1),
(962, 81, 2, 5, 1, 1, 1),
(963, 81, 3, 5, 1, 1, 1),
(964, 81, 4, 4, 1, 1, 1),
(965, 81, 5, 5, 1, 1, 1),
(966, 81, 6, 5, 1, 1, 1),
(967, 81, 7, 5, 1, 1, 1),
(968, 81, 8, 5, 1, 1, 1),
(969, 81, 9, 5, 1, 1, 1),
(970, 81, 10, 5, 1, 1, 1),
(971, 81, 11, 5, 1, 1, 1),
(972, 81, 12, 5, 1, 1, 1),
(973, 82, 1, 3, 1, 1, 1),
(974, 82, 2, 5, 1, 1, 1),
(975, 82, 3, 5, 1, 1, 1),
(976, 82, 4, 5, 1, 1, 1),
(977, 82, 5, 4, 1, 1, 1),
(978, 82, 6, 5, 1, 1, 1),
(979, 82, 7, 5, 1, 1, 1),
(980, 82, 8, 5, 1, 1, 1),
(981, 82, 9, 5, 1, 1, 1),
(982, 82, 10, 5, 1, 1, 1),
(983, 82, 11, 5, 1, 1, 1),
(984, 82, 12, 5, 1, 1, 1),
(985, 83, 1, 3, 1, 1, 1),
(986, 83, 2, 5, 1, 1, 1),
(987, 83, 3, 5, 1, 1, 1),
(988, 83, 4, 5, 1, 1, 1),
(989, 83, 5, 4, 1, 1, 1),
(990, 83, 6, 5, 1, 1, 1),
(991, 83, 7, 5, 1, 1, 1),
(992, 83, 8, 5, 1, 1, 1),
(993, 83, 9, 5, 1, 1, 1),
(994, 83, 10, 5, 1, 1, 1),
(995, 83, 11, 5, 1, 1, 1),
(996, 83, 12, 5, 1, 1, 1),
(997, 84, 1, 5, 1, 1, 1),
(998, 84, 2, 5, 1, 1, 1),
(999, 84, 3, 5, 1, 1, 1),
(1000, 84, 4, 5, 1, 1, 1),
(1001, 84, 5, 5, 1, 1, 1),
(1002, 84, 6, 5, 1, 1, 1),
(1003, 84, 7, 5, 1, 1, 1),
(1004, 84, 8, 5, 1, 1, 1),
(1005, 84, 9, 5, 1, 1, 1),
(1006, 84, 10, 5, 1, 1, 1),
(1007, 84, 11, 5, 1, 1, 1),
(1008, 84, 12, 5, 1, 1, 1),
(1009, 85, 1, 5, 1, 1, 1),
(1010, 85, 2, 5, 1, 1, 1),
(1011, 85, 3, 5, 1, 1, 1),
(1012, 85, 4, 5, 1, 1, 1),
(1013, 85, 5, 5, 1, 1, 1),
(1014, 85, 6, 5, 1, 1, 1),
(1015, 85, 7, 5, 1, 1, 1),
(1016, 85, 8, 5, 1, 1, 1),
(1017, 85, 9, 5, 1, 1, 1),
(1018, 85, 10, 5, 1, 1, 1),
(1019, 85, 11, 5, 1, 1, 1),
(1020, 85, 12, 5, 1, 1, 1),
(1021, 86, 1, 3, 1, 1, 1),
(1022, 86, 2, 4, 1, 1, 1),
(1023, 86, 3, 5, 1, 1, 1),
(1024, 86, 4, 5, 1, 1, 1),
(1025, 86, 5, 5, 1, 1, 1),
(1026, 86, 6, 5, 1, 1, 1),
(1027, 86, 7, 5, 1, 1, 1),
(1028, 86, 8, 5, 1, 1, 1),
(1029, 86, 9, 5, 1, 1, 1),
(1030, 86, 10, 5, 1, 1, 1),
(1031, 86, 11, 5, 1, 1, 1),
(1032, 86, 12, 5, 1, 1, 1),
(1033, 87, 1, 4, 1, 1, 1),
(1034, 87, 2, 5, 1, 1, 1),
(1035, 87, 3, 5, 1, 1, 1),
(1036, 87, 4, 5, 1, 1, 1),
(1037, 87, 5, 5, 1, 1, 1),
(1038, 87, 6, 5, 1, 1, 1),
(1039, 87, 7, 5, 1, 1, 1),
(1040, 87, 8, 4, 1, 1, 1),
(1041, 87, 9, 5, 1, 1, 1),
(1042, 87, 10, 5, 1, 1, 1),
(1043, 87, 11, 5, 1, 1, 1),
(1044, 87, 12, 5, 1, 1, 1),
(1045, 88, 1, 4, 1, 1, 1),
(1046, 88, 2, 4, 1, 1, 1),
(1047, 88, 3, 4, 1, 1, 1),
(1048, 88, 4, 4, 1, 1, 1),
(1049, 88, 5, 4, 1, 1, 1),
(1050, 88, 6, 5, 1, 1, 1),
(1051, 88, 7, 5, 1, 1, 1),
(1052, 88, 8, 5, 1, 1, 1),
(1053, 88, 9, 5, 1, 1, 1),
(1054, 88, 10, 5, 1, 1, 1),
(1055, 88, 11, 5, 1, 1, 1),
(1056, 88, 12, 5, 1, 1, 1),
(1057, 89, 1, 5, 1, 1, 1),
(1058, 89, 2, 4, 1, 1, 1),
(1059, 89, 3, 5, 1, 1, 1),
(1060, 89, 4, 5, 1, 1, 1),
(1061, 89, 5, 5, 1, 1, 1),
(1062, 89, 6, 5, 1, 1, 1),
(1063, 89, 7, 5, 1, 1, 1),
(1064, 89, 8, 5, 1, 1, 1),
(1065, 89, 9, 5, 1, 1, 1),
(1066, 89, 10, 5, 1, 1, 1),
(1067, 89, 11, 5, 1, 1, 1),
(1068, 89, 12, 5, 1, 1, 1),
(1069, 90, 1, 5, 1, 1, 1),
(1070, 90, 2, 4, 1, 1, 1),
(1071, 90, 3, 4, 1, 1, 1),
(1072, 90, 4, 4, 1, 1, 1),
(1073, 90, 5, 5, 1, 1, 1),
(1074, 90, 6, 5, 1, 1, 1),
(1075, 90, 7, 5, 1, 1, 1),
(1076, 90, 8, 5, 1, 1, 1),
(1077, 90, 9, 5, 1, 1, 1),
(1078, 90, 10, 5, 1, 1, 1),
(1079, 90, 11, 5, 1, 1, 1),
(1080, 90, 12, 5, 1, 1, 1),
(1081, 91, 1, 4, 1, 1, 1),
(1082, 91, 2, 5, 1, 1, 1),
(1083, 91, 3, 5, 1, 1, 1),
(1084, 91, 4, 5, 1, 1, 1),
(1085, 91, 5, 5, 1, 1, 1),
(1086, 91, 6, 5, 1, 1, 1),
(1087, 91, 7, 5, 1, 1, 1),
(1088, 91, 8, 5, 1, 1, 1),
(1089, 91, 9, 5, 1, 1, 1),
(1090, 91, 10, 5, 1, 1, 1),
(1091, 91, 11, 5, 1, 1, 1),
(1092, 91, 12, 5, 1, 1, 1),
(1093, 92, 1, 5, 1, 1, 1),
(1094, 92, 2, 5, 1, 1, 1),
(1095, 92, 3, 5, 1, 1, 1),
(1096, 92, 4, 5, 1, 1, 1),
(1097, 92, 5, 5, 1, 1, 1),
(1098, 92, 6, 5, 1, 1, 1),
(1099, 92, 7, 5, 1, 1, 1),
(1100, 92, 8, 5, 1, 1, 1),
(1101, 92, 9, 5, 1, 1, 1),
(1102, 92, 10, 5, 1, 1, 1),
(1103, 92, 11, 5, 1, 1, 1),
(1104, 92, 12, 5, 1, 1, 1),
(1105, 93, 1, 5, 1, 1, 1),
(1106, 93, 2, 5, 1, 1, 1),
(1107, 93, 3, 4, 1, 1, 1),
(1108, 93, 4, 5, 1, 1, 1),
(1109, 93, 5, 5, 1, 1, 1),
(1110, 93, 6, 5, 1, 1, 1),
(1111, 93, 7, 5, 1, 1, 1),
(1112, 93, 8, 5, 1, 1, 1),
(1113, 93, 9, 5, 1, 1, 1),
(1114, 93, 10, 5, 1, 1, 1),
(1115, 93, 11, 5, 1, 1, 1),
(1116, 93, 12, 5, 1, 1, 1),
(1117, 94, 1, 4, 1, 1, 1),
(1118, 94, 2, 5, 1, 1, 1),
(1119, 94, 3, 5, 1, 1, 1),
(1120, 94, 4, 5, 1, 1, 1),
(1121, 94, 5, 5, 1, 1, 1),
(1122, 94, 6, 5, 1, 1, 1),
(1123, 94, 7, 5, 1, 1, 1),
(1124, 94, 8, 5, 1, 1, 1),
(1125, 94, 9, 5, 1, 1, 1),
(1126, 94, 10, 5, 1, 1, 1),
(1127, 94, 11, 5, 1, 1, 1),
(1128, 94, 12, 5, 1, 1, 1),
(1129, 95, 1, 5, 1, 1, 1),
(1130, 95, 2, 5, 1, 1, 1),
(1131, 95, 3, 5, 1, 1, 1),
(1132, 95, 4, 5, 1, 1, 1),
(1133, 95, 5, 5, 1, 1, 1),
(1134, 95, 6, 5, 1, 1, 1),
(1135, 95, 7, 5, 1, 1, 1),
(1136, 95, 8, 5, 1, 1, 1),
(1137, 95, 9, 5, 1, 1, 1),
(1138, 95, 10, 5, 1, 1, 1),
(1139, 95, 11, 5, 1, 1, 1),
(1140, 95, 12, 5, 1, 1, 1),
(1141, 96, 1, 3, 1, 1, 1),
(1142, 96, 2, 4, 1, 1, 1),
(1143, 96, 3, 5, 1, 1, 1),
(1144, 96, 4, 5, 1, 1, 1),
(1145, 96, 5, 5, 1, 1, 1),
(1146, 96, 6, 4, 1, 1, 1),
(1147, 96, 7, 5, 1, 1, 1),
(1148, 96, 8, 5, 1, 1, 1),
(1149, 96, 9, 5, 1, 1, 1),
(1150, 96, 10, 5, 1, 1, 1),
(1151, 96, 11, 5, 1, 1, 1),
(1152, 96, 12, 5, 1, 1, 1),
(1153, 97, 1, 5, 1, 1, 1),
(1154, 97, 2, 5, 1, 1, 1),
(1155, 97, 3, 5, 1, 1, 1),
(1156, 97, 4, 5, 1, 1, 1),
(1157, 97, 5, 5, 1, 1, 1),
(1158, 97, 6, 5, 1, 1, 1),
(1159, 97, 7, 5, 1, 1, 1),
(1160, 97, 8, 5, 1, 1, 1),
(1161, 97, 9, 5, 1, 1, 1),
(1162, 97, 10, 5, 1, 1, 1),
(1163, 97, 11, 5, 1, 1, 1),
(1164, 97, 12, 5, 1, 1, 1),
(1165, 98, 1, 5, 1, 1, 1),
(1166, 98, 2, 5, 1, 1, 1),
(1167, 98, 3, 5, 1, 1, 1),
(1168, 98, 4, 5, 1, 1, 1),
(1169, 98, 5, 5, 1, 1, 1),
(1170, 98, 6, 5, 1, 1, 1),
(1171, 98, 7, 5, 1, 1, 1),
(1172, 98, 8, 5, 1, 1, 1),
(1173, 98, 9, 5, 1, 1, 1),
(1174, 98, 10, 5, 1, 1, 1),
(1175, 98, 11, 5, 1, 1, 1),
(1176, 98, 12, 5, 1, 1, 1),
(1177, 99, 1, 5, 1, 1, 1),
(1178, 99, 2, 5, 1, 1, 1),
(1179, 99, 3, 5, 1, 1, 1),
(1180, 99, 4, 5, 1, 1, 1),
(1181, 99, 5, 5, 1, 1, 1),
(1182, 99, 6, 5, 1, 1, 1),
(1183, 99, 7, 5, 1, 1, 1),
(1184, 99, 8, 5, 1, 1, 1),
(1185, 99, 9, 5, 1, 1, 1),
(1186, 99, 10, 5, 1, 1, 1),
(1187, 99, 11, 5, 1, 1, 1),
(1188, 99, 12, 5, 1, 1, 1),
(1189, 100, 1, 4, 1, 1, 1),
(1190, 100, 2, 4, 1, 1, 1),
(1191, 100, 3, 5, 1, 1, 1),
(1192, 100, 4, 5, 1, 1, 1),
(1193, 100, 5, 5, 1, 1, 1),
(1194, 100, 6, 5, 1, 1, 1),
(1195, 100, 7, 4, 1, 1, 1),
(1196, 100, 8, 5, 1, 1, 1),
(1197, 100, 9, 5, 1, 1, 1),
(1198, 100, 10, 5, 1, 1, 1),
(1199, 100, 11, 5, 1, 1, 1),
(1200, 100, 12, 5, 1, 1, 1),
(1201, 101, 1, 5, 1, 1, 1),
(1202, 101, 2, 3, 1, 1, 1),
(1203, 101, 3, 5, 1, 1, 1),
(1204, 101, 4, 5, 1, 1, 1),
(1205, 101, 5, 5, 1, 1, 1),
(1206, 101, 6, 5, 1, 1, 1),
(1207, 101, 7, 5, 1, 1, 1),
(1208, 101, 8, 5, 1, 1, 1),
(1209, 101, 9, 5, 1, 1, 1),
(1210, 101, 10, 5, 1, 1, 1),
(1211, 101, 11, 5, 1, 1, 1),
(1212, 101, 12, 5, 1, 1, 1),
(1213, 102, 1, 4, 1, 1, 1),
(1214, 102, 2, 4, 1, 1, 1),
(1215, 102, 3, 5, 1, 1, 1),
(1216, 102, 4, 5, 1, 1, 1),
(1217, 102, 5, 5, 1, 1, 1),
(1218, 102, 6, 5, 1, 1, 1),
(1219, 102, 7, 4, 1, 1, 1),
(1220, 102, 8, 5, 1, 1, 1),
(1221, 102, 9, 5, 1, 1, 1),
(1222, 102, 10, 5, 1, 1, 1),
(1223, 102, 11, 5, 1, 1, 1),
(1224, 102, 12, 5, 1, 1, 1),
(1225, 103, 1, 5, 1, 1, 1),
(1226, 103, 2, 3, 1, 1, 1),
(1227, 103, 3, 5, 1, 1, 1),
(1228, 103, 4, 5, 1, 1, 1),
(1229, 103, 5, 5, 1, 1, 1),
(1230, 103, 6, 5, 1, 1, 1),
(1231, 103, 7, 5, 1, 1, 1),
(1232, 103, 8, 5, 1, 1, 1),
(1233, 103, 9, 5, 1, 1, 1),
(1234, 103, 10, 5, 1, 1, 1),
(1235, 103, 11, 5, 1, 1, 1),
(1236, 103, 12, 5, 1, 1, 1),
(1237, 104, 1, 4, 1, 1, 1),
(1238, 104, 2, 5, 1, 1, 1),
(1239, 104, 3, 4, 1, 1, 1),
(1240, 104, 4, 4, 1, 1, 1),
(1241, 104, 5, 5, 1, 1, 1),
(1242, 104, 6, 5, 1, 1, 1),
(1243, 104, 7, 5, 1, 1, 1),
(1244, 104, 8, 5, 1, 1, 1),
(1245, 104, 9, 5, 1, 1, 1),
(1246, 104, 10, 5, 1, 1, 1),
(1247, 104, 11, 5, 1, 1, 1),
(1248, 104, 12, 5, 1, 1, 1),
(1249, 105, 1, 4, 1, 1, 1),
(1250, 105, 2, 4, 1, 1, 1),
(1251, 105, 3, 3, 1, 1, 1),
(1252, 105, 4, 5, 1, 1, 1),
(1253, 105, 5, 5, 1, 1, 1),
(1254, 105, 6, 5, 1, 1, 1),
(1255, 105, 7, 5, 1, 1, 1),
(1256, 105, 8, 5, 1, 1, 1),
(1257, 105, 9, 5, 1, 1, 1),
(1258, 105, 10, 5, 1, 1, 1),
(1259, 105, 11, 5, 1, 1, 1),
(1260, 105, 12, 5, 1, 1, 1),
(1261, 106, 1, 4, 1, 1, 1),
(1262, 106, 2, 5, 1, 1, 1),
(1263, 106, 3, 5, 1, 1, 1),
(1264, 106, 4, 5, 1, 1, 1),
(1265, 106, 5, 4, 1, 1, 1),
(1266, 106, 6, 5, 1, 1, 1),
(1267, 106, 7, 5, 1, 1, 1),
(1268, 106, 8, 5, 1, 1, 1),
(1269, 106, 9, 5, 1, 1, 1),
(1270, 106, 10, 5, 1, 1, 1),
(1271, 106, 11, 5, 1, 1, 1),
(1272, 106, 12, 5, 1, 1, 1),
(1273, 107, 1, 4, 1, 1, 1),
(1274, 107, 2, 5, 1, 1, 1),
(1275, 107, 3, 5, 1, 1, 1),
(1276, 107, 4, 4, 1, 1, 1),
(1277, 107, 5, 4, 1, 1, 1),
(1278, 107, 6, 5, 1, 1, 1),
(1279, 107, 7, 5, 1, 1, 1),
(1280, 107, 8, 5, 1, 1, 1),
(1281, 107, 9, 5, 1, 1, 1),
(1282, 107, 10, 5, 1, 1, 1),
(1283, 107, 11, 5, 1, 1, 1),
(1284, 107, 12, 5, 1, 1, 1),
(1285, 108, 1, 5, 1, 1, 1),
(1286, 108, 2, 4, 1, 1, 1),
(1287, 108, 3, 4, 1, 1, 1),
(1288, 108, 4, 5, 1, 1, 1),
(1289, 108, 5, 5, 1, 1, 1),
(1290, 108, 6, 5, 1, 1, 1),
(1291, 108, 7, 5, 1, 1, 1),
(1292, 108, 8, 5, 1, 1, 1),
(1293, 108, 9, 5, 1, 1, 1),
(1294, 108, 10, 5, 1, 1, 1),
(1295, 108, 11, 5, 1, 1, 1),
(1296, 108, 12, 5, 1, 1, 1),
(1297, 109, 1, 5, 1, 1, 1),
(1298, 109, 2, 5, 1, 1, 1),
(1299, 109, 3, 5, 1, 1, 1),
(1300, 109, 4, 5, 1, 1, 1),
(1301, 109, 5, 5, 1, 1, 1),
(1302, 109, 6, 5, 1, 1, 1),
(1303, 109, 7, 5, 1, 1, 1),
(1304, 109, 8, 5, 1, 1, 1),
(1305, 109, 9, 5, 1, 1, 1),
(1306, 109, 10, 5, 1, 1, 1),
(1307, 109, 11, 5, 1, 1, 1),
(1308, 109, 12, 5, 1, 1, 1),
(1309, 110, 1, 4, 1, 1, 1),
(1310, 110, 2, 4, 1, 1, 1),
(1311, 110, 3, 5, 1, 1, 1),
(1312, 110, 4, 3, 1, 1, 1),
(1313, 110, 5, 5, 1, 1, 1),
(1314, 110, 6, 5, 1, 1, 1),
(1315, 110, 7, 5, 1, 1, 1),
(1316, 110, 8, 5, 1, 1, 1),
(1317, 110, 9, 5, 1, 1, 1),
(1318, 110, 10, 5, 1, 1, 1),
(1319, 110, 11, 5, 1, 1, 1),
(1320, 110, 12, 5, 1, 1, 1),
(1321, 111, 1, 5, 1, 1, 1),
(1322, 111, 2, 4, 1, 1, 1),
(1323, 111, 3, 5, 1, 1, 1),
(1324, 111, 4, 5, 1, 1, 1),
(1325, 111, 5, 5, 1, 1, 1),
(1326, 111, 6, 5, 1, 1, 1),
(1327, 111, 7, 5, 1, 1, 1),
(1328, 111, 8, 5, 1, 1, 1),
(1329, 111, 9, 5, 1, 1, 1),
(1330, 111, 10, 5, 1, 1, 1),
(1331, 111, 11, 5, 1, 1, 1),
(1332, 111, 12, 5, 1, 1, 1);

-- --------------------------------------------------------

--
-- テーブルの構造 `users`
--

CREATE TABLE `users` (
  `id` int(11) NOT NULL,
  `user_id` text CHARACTER SET utf8 NOT NULL,
  `user_name` text,
  `password` text CHARACTER SET utf8 NOT NULL
) ENGINE=InnoDB DEFAULT CHARSET=latin1 ROW_FORMAT=DYNAMIC;

--
-- テーブルのデータのダンプ `users`
--

INSERT INTO `users` (`id`, `user_id`, `user_name`, `password`) VALUES
(1, 'test', 'test', 'ps'),
(2, 'id6', 'test', 'ps'),
(3, 'id7', 'test', 'ps'),
(4, 'id21', 'test', 'ps'),
(5, 'id24', 'test', 'ps'),
(6, 'id25', 'test', 'ps'),
(7, 'id31', 'test', 'ps'),
(8, 'id32', 'test', 'ps'),
(9, 'id33', 'test', 'ps'),
(10, 'id34', 'test', 'ps'),
(11, 'id38', 'test', 'ps'),
(12, 'id42', 'test', 'ps'),
(13, 'id43', 'test', 'ps'),
(14, 'id51', 'test', 'ps'),
(15, 'id52', 'test', 'ps'),
(16, 'id58', 'test', 'ps'),
(17, 'id61', 'test', 'ps'),
(18, 'id64', 'test', 'ps'),
(19, 'id66', 'test', 'ps'),
(20, 'id73', 'test', 'ps'),
(21, 'id74', 'test', 'ps'),
(22, 'id76', 'test', 'ps'),
(23, 'id102', 'test', 'ps'),
(24, 'id103', 'test', 'ps'),
(25, 'id124', 'test', 'ps'),
(26, 'id129', 'test', 'ps'),
(27, 'id141', 'test', 'ps'),
(28, 'id150', 'test', 'ps'),
(29, 'id163', 'test', 'ps'),
(30, 'id187', 'test', 'ps'),
(31, 'id198', 'test', 'ps'),
(32, 'id199', 'test', 'ps'),
(33, 'id214', 'test', 'ps'),
(34, 'id220', 'test', 'ps'),
(35, 'id228', 'test', 'ps'),
(36, 'id247', 'test', 'ps'),
(37, 'id254', 'test', 'ps'),
(38, 'id257', 'test', 'ps'),
(39, 'id269', 'test', 'ps'),
(40, 'id278', 'test', 'ps'),
(41, 'id289', 'test', 'ps'),
(42, 'id299', 'test', 'ps'),
(43, 'id303', 'test', 'ps'),
(44, 'id307', 'test', 'ps'),
(45, 'id330', 'test', 'ps'),
(46, 'id335', 'test', 'ps'),
(47, 'id338', 'test', 'ps'),
(48, 'id343', 'test', 'ps'),
(49, 'id345', 'test', 'ps'),
(50, 'id347', 'test', 'ps'),
(51, 'id348', 'test', 'ps'),
(52, 'id361', 'test', 'ps'),
(53, 'id362', 'test', 'ps'),
(54, 'id365', 'test', 'ps'),
(55, 'id373', 'test', 'ps'),
(56, 'id374', 'test', 'ps'),
(57, 'id375', 'test', 'ps'),
(58, 'id387', 'test', 'ps'),
(59, 'id390', 'test', 'ps'),
(60, 'id401', 'test', 'ps'),
(61, 'id402', 'test', 'ps'),
(62, 'id405', 'test', 'ps'),
(63, 'id407', 'test', 'ps'),
(64, 'id409', 'test', 'ps'),
(65, 'id411', 'test', 'ps'),
(66, 'id413', 'test', 'ps'),
(67, 'id415', 'test', 'ps'),
(68, 'id417', 'test', 'ps'),
(69, 'id418', 'test', 'ps'),
(70, 'id421', 'test', 'ps'),
(71, 'id423', 'test', 'ps'),
(72, 'id424', 'test', 'ps'),
(73, 'id428', 'test', 'ps'),
(74, 'id429', 'test', 'ps'),
(75, 'id430', 'test', 'ps'),
(76, 'id433', 'test', 'ps'),
(77, 'id434', 'test', 'ps'),
(78, 'id439', 'test', 'ps'),
(79, 'id441', 'test', 'ps'),
(80, 'id442', 'test', 'ps'),
(81, 'id444', 'test', 'ps'),
(82, 'id445', 'test', 'ps'),
(83, 'id452', 'test', 'ps'),
(84, 'id454', 'test', 'ps'),
(85, 'id456', 'test', 'ps'),
(86, 'id457', 'test', 'ps'),
(87, 'id458', 'test', 'ps'),
(88, 'id459', 'test', 'ps'),
(89, 'id462', 'test', 'ps'),
(90, 'id468', 'test', 'ps'),
(91, 'id469', 'test', 'ps'),
(92, 'id472', 'test', 'ps'),
(93, 'id473', 'test', 'ps'),
(94, 'id474', 'test', 'ps'),
(95, 'id476', 'test', 'ps'),
(96, 'id478', 'test', 'ps'),
(97, 'id479', 'test', 'ps'),
(98, 'id481', 'test', 'ps'),
(99, 'id482', 'test', 'ps'),
(100, 'id483', 'test', 'ps'),
(101, 'id484', 'test', 'ps'),
(102, 'id486', 'test', 'ps'),
(103, 'id488', 'test', 'ps'),
(104, 'id490', 'test', 'ps'),
(105, 'id491', 'test', 'ps'),
(106, 'id493', 'test', 'ps'),
(107, 'id494', 'test', 'ps'),
(108, 'id495', 'test', 'ps'),
(109, 'id497', 'test', 'ps'),
(110, 'id498', 'test', 'ps');

--
-- Indexes for dumped tables
--

--
-- Indexes for table `lessons`
--
ALTER TABLE `lessons`
  ADD PRIMARY KEY (`id`);

--
-- Indexes for table `products`
--
ALTER TABLE `products`
  ADD KEY `id` (`id`);

--
-- Indexes for table `response_data`
--
ALTER TABLE `response_data`
  ADD PRIMARY KEY (`id`);

--
-- Indexes for table `users`
--
ALTER TABLE `users`
  ADD PRIMARY KEY (`id`);

--
-- AUTO_INCREMENT for dumped tables
--

--
-- AUTO_INCREMENT for table `lessons`
--
ALTER TABLE `lessons`
  MODIFY `id` int(11) NOT NULL AUTO_INCREMENT, AUTO_INCREMENT=13;
--
-- AUTO_INCREMENT for table `products`
--
ALTER TABLE `products`
  MODIFY `id` int(11) NOT NULL AUTO_INCREMENT;
--
-- AUTO_INCREMENT for table `response_data`
--
ALTER TABLE `response_data`
  MODIFY `id` int(11) NOT NULL AUTO_INCREMENT, AUTO_INCREMENT=1333;
--
-- AUTO_INCREMENT for table `users`
--
ALTER TABLE `users`
  MODIFY `id` int(11) NOT NULL AUTO_INCREMENT, AUTO_INCREMENT=111;
/*!40101 SET CHARACTER_SET_CLIENT=@OLD_CHARACTER_SET_CLIENT */;
/*!40101 SET CHARACTER_SET_RESULTS=@OLD_CHARACTER_SET_RESULTS */;
/*!40101 SET COLLATION_CONNECTION=@OLD_COLLATION_CONNECTION */;
